<?xml version="1.0" encoding="ISO-8859-1"?>
<!-- 
name = The name of the skin :-)
author = [optional] The author of this skin
comment = [optional] A comment for this skin
application = [optional] The name of the application this skin is meant for
screenshot = [optional] The location of an example screenshot
-->
<Skin name="Example skin" author="Rene aka upCASE"
	comment="A simple mediaplayer skin\nCredits go to jix for creating the VLC skin" 
	screenshot="wxskin2.jpg" application="wxSkin Media Player example"
	customInfo="">
	<!-- Define the transparency colour to use for all skined items.
	The default, if none is provided, is 255,0,255.
	-->
	<Transparency red="255" green="0" blue="255" />
	
	<Buttons>
		<!-- A Button has two states: normal and pressed. "hover" and "disabled" will follow soon.-->
		<!-- The "coord" parameter is used to place and (optionaly) size the widget. Currently "coord" is given as -->
		<!-- "x,y,width,height". This may change to "x,y,x2,y2" -->

		<!-- For assigning skins to specific buttons, create a node with the "name" of the button -->
		<!-- To create a default button, name it "default". All skinned buttons that don't have a specific skin assigned -->
		<!-- will use the default skin -->

		<default normal="open.png" pressed="open_over.png" over ="open_over.png"/>
		
		<button_open normal="open.png" pressed="open_over.png" over ="open_over.png" pos="70,92"/>
		<button_next normal="next.png" pressed="next_down.png" pos="672,125"/>
		<button_prev normal="previous.png" pressed="previous_down.png" pos="590,125"/>
		<button_stop normal="stop.png" pressed="stop_down.png" pos="631,168"/>
		<button_play normal="play.png" pressed="play_down.png" pos="631,82"/>
		<button_speedup normal="speedup.png" pressed="speedup_over.png" pos="103,126"/>
		<button_speeddown normal="speeddown.png" pressed="speeddown_over.png" pos="36,126"/>
		<button_playlist normal="playlist.png" pressed="playlist_over.png" pos="70,160"/>
		<button_prefs normal="prefs.png" pressed="prefs_over.png" over="prefs_over.png" pos="26,219"/>
	</Buttons>
	<Checkboxes>
		<!-- A Checkbox has two states: normal and checked. "hover" and "disabled" will follow soon.-->
		<mute normal="mute.png" checked="mute_over.png" pos="41,249"/>
	</Checkboxes>

	<Sliders>
		<progressslide slider="position.png" background="position_back.png" over="position_over.png" pos="177,297"/>
	</Sliders>
	
	<!-- SimpleFrame defines a "simple" frame with a skin -->
	<!-- A SimpleFrame only has one skin file to create the whole GUI -->
	<!-- "name" is the name of the frame for later assignment, "skin" defines the skin file to use and "movable" means, --> 
	-<!-- that the frame can be moved by clicking and dragging *anywhere* on the skin. Setting this to "no" would only-->
	<!-- allow the frame to be moved when clicking inside the title bar -->
	<SimpleFrame name="PlayerFrame" skin="fond.png" movable="yes"  guibuilder="guibuilder.txt">
		
		<!-- client_area defines a custom area in the skin that is to filled with controls -->
		<!-- This is mostly important when working with sizers as the sizer you add to the frame will be modified to  -->
		<!-- fill the client area -->
		<client_area measure="165,35,409,230" />
		<!-- Coordinates of the close box. Clicking inside this area closes the frame. (e.g. 250,4,10,10)
		coord="250,4,10,10" -> Uses the X,Y,Width,Height pairs
		-->
		<closebox measure="680,219,-1,-1" normal="close.png" over="close_over.png"/>
		<!-- See  closebox -->
		<minimizebox measure="660,252,-1,-1" normal="reduce.png" over="reduce_over.png"/>
		<!-- See  closebox -->
		<maximizebox measure="2,2,2,2"/>
		<!-- Coordinates of the titlebar. Clicking and dragging in this area moves the frame. See  closebox. -->
		<titlebar measure="160,10,418,20"/>
		<!-- The position inside the titlebar where the title string will be placed. left/middle/right -->
		<titleposition placement="middle"/>
		<!-- will follow soon :-)-->
		<titlefont name="Comic Sans MS" size="12" weight="normal" underline="false" italic="false"/>
	</SimpleFrame>
	<Widgets>
		<status pos="444,287" shown="true" />
	</Widgets>
</Skin>
