<?xml version="1.0" encoding="ISO-8859-1"?>
<!-- 
name = The name of the skin :-)
author = [optional] The author of this skin
comment = [optional] A comment for this skin
application = [optional] The name of the application this skin is meant for
screenshot = [optional] The location of an example screenshot
-->
<Skin name="Winke winke Tinky Winky" author="Rene aka upCASE"
	comment="A skin featuring Tinky Winky.\nAs we say in germany: Winke winke Tiny Winky!\nThis skin is so cool that it will make you go 'more more more'!\nSo have some tubby custard and sit back..." 
	screenshot="screenshot.jpg" application="wxSkin Media Player example"
	customInfo="">
	<!-- Define the transparency colour to use for all skined items.
	The default, if none is provided, is 255,0,255.
	-->
	<Transparency red="255" green="0" blue="255" />
	<Buttons>
		<!-- A Button has two states: normal and pressed. "hover" and "disabled" will follow soon.-->
		<!-- The "coord" parameter is used to place and (optionaly) size the widget. Currently "coord" is given as -->
		<!-- "x,y,width,height". This may change to "x,y,x2,y2" -->

		<!-- For assigning skins to specific buttons, create a node with the "name" of the button -->
		<!-- To create a default button, name it "default". All skinned buttons that don't have a specific skin assigned -->
		<!-- will use the default skin -->
		<button_play normal="play.png" pressed="play_over.png" over="play_over.png" pos="81,477"/>
		<button_stop normal="stop.png" pressed="stop_over.png" over="stop_over.png" pos="187,482"/>
		<button_speedup normal="speedup.png" pressed="speedup_over.png" over="speedup_over.png" pos="243,73"/>
		<button_speeddown normal="speeddown.png" pressed="speeddown_over.png" over="speeddown_over.png" pos="38,312"/>
		<button_open normal="open.png" pressed="open_over.png" over ="open_over.png" pos="92,140"/>
		<button_prefs normal="pref.png" pressed="pref_over.png" over="pref_over.png" pos="158,139"/>
	</Buttons>
	<Checkboxes>
		<!-- A Checkbox has two states: normal and checked. "hover" and "disabled" will follow soon.-->
		<mute normal="mute.png" checked="mute_check.png" pos="155,156"/>
	</Checkboxes>
	<Sliders>
		<progressslide slider="position.png" background="position_back.png" over="position_over.png" pos="125,338" size="93,9"/>
	</Sliders>
	
	<!-- SimpleFrame defines a "simple" frame with a skin -->
	<!-- A SimpleFrame only has one skin file to create the whole GUI -->
	<!-- "name" is the name of the frame for later assignment, "skin" defines the skin file to use and "movable" means, --> 
	-<!-- that the frame can be moved by clicking and dragging *anywhere* on the skin. Setting this to "no" would only-->
	<!-- allow the frame to be moved when clicking inside the title bar -->
	<SimpleFrame name="PlayerFrame" skin="Tinky_Winky.png" movable="yes"  guibuilder="guibuilder.txt">
		
		<!-- client_area defines a custom area in the skin that is to filled with controls -->
		<!-- This is mostly important when working with sizers as the sizer you add to the frame will be modified to  -->
		<!-- fill the client area -->
		<client_area measure="122,254,103,81" />
		<!-- Coordinates of the close box. Clicking inside this area closes the frame. (e.g. 250,4,10,10)
		coord="250,4,10,10" -> Uses the X,Y,Width,Height pairs
		-->
		<closebox measure="133,130,-1,-1" normal="close.png" over="close_over.png"/>
		<!-- See  closebox -->
		<minimizebox measure="173,118,-1,-1" normal="mini.png" over="mini_over.png"/>
		<!-- See  closebox -->
		<maximizebox measure="0,0,0,0"/>
		<!-- Coordinates of the titlebar. Clicking and dragging in this area moves the frame. See  closebox. -->
		<titlebar measure="0,0,0,0"/>
		<!-- The position inside the titlebar where the title string will be placed. left/middle/right -->
		<titleposition placement="left"/>
		<!-- 
		<titlefont /> will follow soon :-)
		-->
	</SimpleFrame>
	<Widgets>
		<status pos="444,287" shown="true" />
		<some_widget shown="true" />
		
		<button_next shown="false"/>
		<button_prev shown="false"/>
		
		<button_playlist shown="false"/>
		
		<progressslide shown="false"/>
	</Widgets>
</Skin>
