<?xml version="1.0" encoding="ISO-8859-1"?>
<!-- 
name = The name of the skin :-)
author = [optional] The author of this skin
comment = [optional] A comment for this skin
application = [optional] The name of the application this skin is meant for
screenshot = [optional] The location of an example screenshot
-->
<Skin name="Example skin II" author="Rene aka upCASE" comment="The second simple skin example\nBase on a VLC skin by Mesut Alptekin" 
	screenshot="wxskin1.jpg" application="wxSkin Media Player example">
	<!-- Define the transparency colour to use for all skined items.
	The default, if none is provided, is 255,0,255.
	-->
	<Transparency red="255" green="0" blue="255" />

	<Buttons>
		<!-- A Button has two states: normal and pressed. "hover" and "disabled" will follow soon.-->
		<!-- The "coord" parameter is used to place and (optionaly) size the widget. Currently "coord" is given as -->
		<!-- "x,y,width,height". This may change to "x,y,x2,y2" -->

		<!-- For assigning skins to specific buttons, create a node with the "name" of the button -->
		<!-- To create a default button, name it "default". All skinned buttons that don't have a specific skin assigned -->
		<!-- will use the default skin -->

		<button_open normal="repeat_on_normal.png" pressed="repeat_on_pressed.png" pos="185,405"/>
		<button_next normal="next_normal.png" pressed="next_pressed.png" pos="410,405"/>
		<button_prev normal="previous_normal.png" pressed="previous_pressed.png" pos="217,405"/>
		<button_stop normal="stop_normal.png" pressed="stop_pressed.png" pos="470,405"/>
		<button_play normal="play_over.png" pressed="play_pressed.png" pos="315,392"/>
		<button_speedup normal="speed_up_normal.png" pressed="speed_up_pressed.png" pos="360,405"/>
		<button_speeddown normal="speed_down_normal.png" pressed="speed_down_pressed.png" pos="267,405"/>
		<button_playlist normal="shuffle_on_normal.png" pressed="shuffle_on_pressed.png" pos="500,500"/>
		<button_prefs normal="shuffle_on_normal.png" pressed="shuffle_on_pressed.png" pos="160,405"/>
	</Buttons>
	<Checkboxes>
		<!-- A Checkbox has two states: normal and checked. "hover" and "disabled" will follow soon.-->
		<mute normal="speaker1_normal.png" checked="speaker5_pressed.png" pos="494,405"/>
	</Checkboxes>
	<Sliders>
		<progressslide slider="play_slider_normal.png" background="play_slider_back.png" over="play_slider_over.png" pos="14,384"/>
	</Sliders>
	<!-- SimpleFrame defines a "simple" frame with a skin -->
	<!-- A SimpleFrame only has one skin file to create the whole GUI -->
	<!-- "name" is the name of the frame for later assignment, "skin" defines the skin file to use and "movable" means, --> 
	-<!-- that the frame can be moved by clicking and dragging *anywhere* on the skin. Setting this to "no" would only-->
	<!-- allow the frame to be moved when clicking inside the title bar -->
	<SimpleFrame name="PlayerFrame" skin="window_main.png" movable="yes" guibuilder="guibuilder.txt">
		
		<!-- client_area defines a custom area in the skin that is to filled with controls -->
		<!-- This is mostly important when working with sizers as the sizer you add to the frame will be modified to  -->
		<!-- fill the client area -->
		<client_area measure="9,62,657,316" />
		<!-- Coordinates of the close box. Clicking inside this area closes the frame. (e.g. 250,4,10,10)
		coord="250,4,10,10" -> Uses the X,Y,Width,Height pairs
		-->
		<closebox measure="630,0,-1,-1" normal="close_normal.png" over="close_over.png" pressed="close_pressed.png"/>
		<!-- See  closebox -->
		<minimizebox measure="580,0,-1,-1" normal="min_normal.png" over="min_over.png" pressed="min_pressed.png"/>
		<!-- See  closebox -->
		<maximizebox measure="0,0,0,0"/>
		<!-- Coordinates of the titlebar. Clicking and dragging in this area moves the frame. See  closebox. -->
		<titlebar measure="10,6,418,20"/>
		<!-- The position inside the titlebar where the title string will be placed. left/middle/right -->
		<titleposition placement="left"/>
		<!-- 
		<titlefont /> will follow soon :-)
		-->
	</SimpleFrame>
	<Widgets>
		<status shown="false" />
	</Widgets>
</Skin>
