<?xml version="1.0" encoding="ISO-8859-1"?>
<!-- 
useRC = true/false -> Use a resource file to create the GUI and skin.
RCFile = filename -> The name of the RC file to use.
RCTopFrame = frame identifier -> The "name" of the frame to use.
-->
<Skin name="Example skin" author="" comment="" screenshot="" application="Complex Example">
	<!-- Define the transparency colour to use for all skined items.
	The default, if none is provided, is 255,0,255.
	-->
	<Transparency red="255" green="0" blue="255" />
	
	<Buttons>
		<!-- A Button has two states: normal and pressed. -->
		<!--<default normal="frame_button_min.bmp" pressed="frame_button_max.bmp" disabled="frame_button_min.bmp"/>-->
		<!-- For assigning skins to specific buttons, create a node with the "name" of the button -->
		<!--<button_1 normal="play_normal.png" pressed="play_pressed.png" coord="-1,-1,-1,-1"/>-->
		<button_1 normal="play_normal.png" pressed="play_pressed.png" />
	</Buttons>
	
	<Frame name="ComplexFrame" movable="yes" >
		
		<top skin="top.png"/>
		<top_left skin="top_left.png"/>
		<top_right skin="top_right.png"/>
		<bottom skin="bottom.png"/>
		<bottom_left skin="bottom_left.png"/>
		<bottom_right skin="bottom_right.png"/>
		<left skin="left.png"/>
		<right skin="right.png"/>
		
		<body skin="body.png"/>
		
		<closebox relate_to="top" measure="657,4,-1,-1" normal="close.png" over="close_over.png"/>
				
		<minimizebox relate_to="top" measure="640,4,-1,-1" normal="minimize.png" over="minimize_over.png"/>
		
		<maximizebox measure="0,0,0,0" skin=""/>
		
		<titlebar height="25"/>
		
		<titleposition placement="middle"/>
		
	</Frame>
	
	<Widgets>
		<videoplayer pos="50,25" size="25,80"/>
	</Widgets>
</Skin>
